该僵尸网络,包含,至少35000个被破坏的Windows系统
攻击者和使用者,使用,这些系统
攻击者和使用者,开采,Monero加密货币
电磁频谱,是,由所有频率的电磁辐射组成的一个机动空间
电磁频谱,包括,无线电波、微波、红外辐射、可见光、紫外辐射、X射线和伽马射线
巴希尔,强调,政府坚决主张通过和平和政治途径结束目前的武装冲突，在全国实现和平
政府,主张,通过和平和政治途径结束目前的武装冲突，在全国实现和平
他,呼吁,以约翰·加朗为首的反政府武装力量
以约翰·加朗为首的反政府武装力量,回到,国家的怀抱
巴希尔,说,苏丹政府将采取行动改善与周边国家的关系
苏丹政府,采取,行动
苏丹政府,改善,与周边国家的关系
由于电磁频谱的军事和非军事应用,导致,电磁辐射源的数量和密度大幅增加
联合部队,面临,电磁作战环境
联合部队面临的电磁作战环境,是,拥塞的
民事和军事机构,寻求,在相同或相邻的频段发射和接收电磁能
众多利益方（如手机和无线互联网提供商、媒体）,继续,拓展其电磁频谱带宽需求
众多利益方（如手机和无线互联网提供商、媒体）,拓展,其电磁频谱带宽需求
众多利益方（如手机和无线互联网提供商、媒体）,压缩,便于联合部队机动的开放的电磁区域
电磁区域,便于,联合部队机动
这种拥塞,导致,对接收机的电磁干扰
电磁干扰(EMI),是,任何有意或无意造成的电磁扰动
有意或无意,造成,电磁扰动
电磁干扰(EMI),限制,用频系统、电子装备和电气设备的有效性能
管理联合部队在电磁频谱中的所有行动,进行,管理
管理联合部队,保持,行动一致
电磁频谱管理的目标,是,使依靠电磁频谱的能力和系统能够完成设计的功能，而不会造成或遭受不可接受的电磁干扰(EMI)
能力和系统,依靠,电磁频谱
依靠电磁频谱的能力和系统,完成,设计的功能
电磁频谱管理,提供,架构
电磁频谱管理,类似,空战中的空域管理
电磁战斗管理,包括,监控、评估、规划和指导电磁频谱中的行动的行为
电磁战斗管理,支持,指挥官的目标
它,进行,协调指导
它,使,己方电磁频谱作战行动
电磁战斗管理,是,指挥官对形成作战环境的所有行动进行告知的一种机制
指挥官,进行,告知
指挥官,规划,电磁频谱中的行动所必需的设施、装备、软件、通信、程序和人员
指挥官,指挥,电磁频谱中的行动所必需的设施、装备、软件、通信、程序和人员
指挥官,控制,电磁频谱中的行动所必需的设施、装备、软件、通信、程序和人员
电磁频谱中的行动,必需,设施、装备、软件、通信、程序和人员
设施、装备、软件、通信、程序和人员,组成,由指挥官规划、指挥和控制电磁频谱中的行动
电磁战斗管理,提供,联合电磁频谱作战态势感知、决策支持和指挥控制支持
频率管理,包括,为依赖电磁频谱的能力与系统进行干扰分析以及申请、指定、协调、分配和发布频率
能力与系统,依赖,电磁频谱
非电磁攻击的电磁发射,分配,频率
频率管理,是,制定电磁频谱操作说明与协调措施的关键组成部分
频率管理,包括,频谱分析、工程、评估用频系统并根据需求开发例如联合限制频率清单、联合通信—电子操作说明等电磁频谱产品
频率管理,开发,例如联合限制频率清单、联合通信—电子操作说明等电磁频谱产品
频率管理的例子,包括,为特定平台的无线电、无人机系统和卫星上的数据链、雷达和武器传感器、联网的信息/通信系统等分配频率
与国家,进行,协调
系统,使用,会从其他感兴趣区域跨越边界进行辐射
系统,跨越,边界
系统,进行,辐射
授权批准在一国内发射电磁能,是,一项主权权利
作战司令部与所在国的协议,确定,程序
所在国协调,完成,所在国协调
联合部队指挥官和参谋,清楚,在所在国未经授权使用电磁频谱可能违反国际条约、国家法律或法规
在所在国未经授权使用电磁频谱,违反,国际条约、国家法律或法规
法律顾问,帮助,联合部队指挥官及其参谋
联合部队指挥官及其参谋,了解,适用的国际条约、法规和所在国法律
对抗和拥塞的电磁频谱，再加上动态的军事行动,使,在电磁作战环境中
作战司令部,确保,立即报告、解决或消除电磁干扰事件
电磁干扰,是,有意的
电磁干扰,是,谐波、杂散辐射、相互调制产物、操作不当或电磁频谱管理不当造成的
有关联合频谱干扰解决方案更多的信息,参阅,参谋长联席会议主席指令CJCSI3320.02《联合频谱干扰解决方案》以及参谋长联席会议主席手册CJCSM3320.02《联合频谱干扰解决方案程序》
